period	v1ipm	v1abs
2001	35.144373142199925	613
2002	37.48827602745602	791
2003	32.25782464332325	616
2004	33.36507556497301	747
2005	33.978628305197766	788
2006	36.29750196770669	817
2007	40.83791020231884	761
2008	34.61886899682374	586
2009	27.266001763546587	474
2010	33.24378976418492	573
2011	33.75854723277226	673
2012	38.73893708150969	666
2013	20.389758532506402	344
