period	v1ipm	v1abs
2006	360.88054853843374	1
2007	31.777304649019673	3
2008	12.816459752044226	6
2009	59.01996894446735	792
2010	69.23390572787638	1591
2011	84.12798256543293	2900
2012	85.76818930769379	6564
2013	72.62108872549202	6357
2014	61.3697067861008	3301
2015	690.9966589076279	38654
2016	2336.386916233269	68853
2017	1156.367694159903	40742
