period	v1ipm	v1abs
2001	9.17308271248285	160
2002	9.146949776610633	193
2003	8.273922554618624	158
2004	9.290409260394092	208
2005	9.831379763432855	228
2006	10.618241089696324	239
2007	13.040226253828486	243
2008	9.21594464761861	156
2009	7.708110203196715	134
2010	10.559109488798699	182
2011	9.881773855655476	197
2012	10.99348214475275	189
2013	5.927255387356512	100
