period	v1ipm	v1abs
2007	0	0
2008	36.408982095883054	4
2009	41.8165091578155	6
2010	24.861521326212994	5
2011	10.493418003557268	6
2012	18.97641231948688	12
2013	24.89374302320097	19
2014	15.761652294009982	16
2015	15.280506439641998	14
2016	10.451204631973892	8
2017	12.97289137444246	11
2018	14.919104027469514	13
2019	22.34252430308081	20
2020	11.90737791960788	11
2021	20.571687186924635	18
2022	15.83145829499152	8
