period	v1ipm	v1abs
2001	9.7695843530337	6
2002	33.455423632027525	583
2003	24.227962867045452	296
2004	28.46521843650913	393
2005	25.589969111720993	755
2006	26.76855025077345	604
2007	26.390105935163245	650
2008	19.556049379060962	539
2009	18.77261187173022	486
2010	17.09827056664635	407
2011	19.224471130040683	505
2012	16.791314322621073	422
2013	15.806690009350673	358
