period	v1ipm	v1abs
2001	1.62826405883895	1
2002	10.558830099988104	184
2003	6.95735420168535	85
2004	7.170627545074819	99
2005	8.676863698808708	256
2006	10.503553658002165	237
2007	8.404233736275065	207
2008	7.002444397326097	193
2009	6.527924704367092	169
2010	6.805699832424345	162
2011	8.108539308314187	213
2012	6.565324320456106	165
2013	5.386637377488218	122
