period	v1ipm	v1abs
2006	0	0
2007	148.2940883620918	14
2008	87.57914163896888	41
2009	161.85779362043317	2172
2010	182.02729582633995	4183
2011	186.3579862070142	6424
2012	183.80577681159787	14067
2013	144.01983098352645	12607
2014	120.9174713531656	6504
2015	2349.217026276375	131414
2016	7951.818708889779	234339
2017	4517.786837911944	159174
